-- 职务
INSERT INTO `component_job` (`id`,`code`,`name`,`is_public`,`type_dict_id`,`dept_id`,`remark`,`version`,`create_at`,`create_by`,`update_at`,`update_by`) VALUES ('1204580050558001153', 'dongshizhang', '董事长', 1, '1375740116036931586', NULL, NULL, 1, '2020-12-07 17:28:09', NULL, NULL, NULL),('1204580052105699330', 'zongcai', '总裁', 1, '1375740116036931586', NULL, NULL, 1, '2020-12-07 17:28:09', NULL, NULL, NULL),('1204580052256694273', 'zongjingli', '总经理', 1, '1375740116036931586', NULL, NULL, 1, '2020-12-07 17:28:09', NULL, NULL, NULL),('1204580052395106306', 'zongjian', '总监', 1, '1375740116036931586', NULL, NULL, 1, '2020-12-07 17:28:09', NULL, NULL, NULL),('1204580052541906945', 'jingli', '经理', 1, '1375740116036931586', NULL, NULL, 1, '2020-12-07 17:28:09', NULL, NULL, NULL),('1204580052676124673', 'zhuguan', '主管', 1, '1375740116036931586', NULL, NULL, 1, '2020-12-07 17:28:09', NULL, NULL, NULL),('1204580052806148097', 'zhuren', '主任', 1, '1375740116036931586', NULL, NULL, 1, '2020-12-07 17:28:09', NULL, NULL, NULL),('1204580052957143042', 'gongchengshi', '工程师', 1, '1375740116036931586', NULL, NULL, 1, '2020-12-07 17:28:09', NULL, NULL, NULL),('1204580053108137986', 'guwen', '顾问', 1, '1375740116036931586', NULL, NULL, 1, '2020-12-07 17:28:09', NULL, NULL, NULL),('1204580053242355714', 'zhuli', '助理', 1, '1375740116036931586', NULL, NULL, 1, '2020-12-07 17:28:09', NULL, NULL, NULL);
-- 职务字典数据
INSERT INTO `component_dict`(`id`, `code`, `name`, `value`, `is_system`, `is_public`, `is_group`, `is_disabled`, `disabled_reason`, `private_flag`, `private_flag_memo`, `group_flag`, `group_flag_memo`, `remark`, `seq`, `level`, `parent_id`, `parent_id1`, `parent_id2`, `parent_id3`, `parent_id4`, `parent_id5`, `parent_id6`, `parent_id7`, `parent_id8`, `parent_id9`, `parent_id10`, `version`, `create_at`, `create_by`, `update_at`, `update_by`) VALUES ('1375739956888260609', 'job_type', '职务类型', NULL, 1, 1, 1, 0, NULL, NULL, NULL, NULL, NULL, NULL, 10, 2, '1', '1', NULL, NULL, NULL, NULL, NULL, NULL, NULL, NULL, NULL, 1, '2021-03-27 17:22:20', '1', NULL, NULL);
INSERT INTO `component_dict`(`id`, `code`, `name`, `value`, `is_system`, `is_public`, `is_group`, `is_disabled`, `disabled_reason`, `private_flag`, `private_flag_memo`, `group_flag`, `group_flag_memo`, `remark`, `seq`, `level`, `parent_id`, `parent_id1`, `parent_id2`, `parent_id3`, `parent_id4`, `parent_id5`, `parent_id6`, `parent_id7`, `parent_id8`, `parent_id9`, `parent_id10`, `version`, `create_at`, `create_by`, `update_at`, `update_by`) VALUES ('1375740116036931586', NULL, '普通', 'job_normal', 1, 1, 0, 0, NULL, NULL, NULL, NULL, NULL, NULL, 10, 3, '1375739956888260609', '1', '1375739956888260609', NULL, NULL, NULL, NULL, NULL, NULL, NULL, NULL, 1, '2021-03-27 17:22:58', '1', NULL, NULL);
-- 职务菜单
INSERT INTO `component_func`(`id`, `code`, `name`, `func_group_id`, `icon`, `is_disabled`, `disabled_reason`, `url`, `permissions`, `type_dict_id`, `remark`, `seq`, `level`, `parent_id`, `parent_id1`, `parent_id2`, `parent_id3`, `parent_id4`, `parent_id5`, `parent_id6`, `parent_id7`, `parent_id8`, `parent_id9`, `parent_id10`, `version`, `create_at`, `create_by`, `update_at`, `update_by`) VALUES ('1376402866241171458', 'job_manage', '职务管理', '1', 'el-icon-document-copy', 0, NULL, '/JobSearchList', NULL, '22', NULL, 10, 2, '1374266494625710082', '1374266494625710082', NULL, NULL, NULL, NULL, NULL, NULL, NULL, NULL, NULL, 1, '2021-03-29 13:16:30', '1', NULL, NULL);



-- 职级
INSERT INTO `component_job_level` (`id`,`code`,`name`,`job_id`,`remark`,`version`,`create_at`,`create_by`,`update_at`,`update_by`) VALUES ('1204581178234494977', 'gaojidongshizhang', '高级董事长', '1204580050558001153', NULL, 1, '2020-12-07 17:28:09', NULL, NULL, NULL),('1204581178721034242', 'dongshizhang', '董事长', '1204580050558001153', NULL, 1, '2020-12-07 17:28:09', NULL, NULL, NULL),('1204581178863640577', 'gaojifudongshizhang', '高级副董事长', '1204580050558001153', NULL, 1, '2020-12-07 17:28:09', NULL, NULL, NULL),('1204581179014635522', 'fudongshizhang', '副董事长', '1204580050558001153', NULL, 1, '2020-12-07 17:28:09', NULL, NULL, NULL),('1204581179169824769', 'gaojizongcai', '高级总裁', '1204580052105699330', NULL, 1, '2020-12-07 17:28:09', NULL, NULL, NULL),('1204581179304042497', 'zongcai', '总裁', '1204580052105699330', NULL, 1, '2020-12-07 17:28:09', NULL, NULL, NULL),('1204581179471814657', 'gaojifuzongcai', '高级副总裁', '1204580052105699330', '高级副总裁', 2, '2020-12-07 17:28:09', NULL, NULL, NULL),('1204581179618615298', 'fuzongcai', '副总裁', '1204580052105699330', NULL, 1, '2020-12-07 17:28:09', NULL, NULL, NULL),('1204581179765415938', 'gaojizongjingli', '高级总经理', '1204580052256694273', NULL, 1, '2020-12-07 17:28:09', NULL, NULL, NULL),('1204581179920605186', 'zongjingli', '总经理', '1204580052256694273', NULL, 1, '2020-12-07 17:28:09', NULL, NULL, NULL),('1204581180050628609', 'gaojifuzongjingli', '高级副总经理', '1204580052256694273', NULL, 1, '2020-12-07 17:28:09', NULL, NULL, NULL),('1204581180197429249', 'fuzongjingli', '副总经理', '1204580052256694273', NULL, 1, '2020-12-07 17:28:09', NULL, NULL, NULL),('1204581180327452674', 'gaojizongjian', '高级总监', '1204580052395106306', NULL, 1, '2020-12-07 17:28:09', NULL, NULL, NULL),('1204581180474253314', 'zongjian', '总监', '1204580052395106306', NULL, 1, '2020-12-07 17:28:09', NULL, NULL, NULL),('1204581180625248257', 'gaojifuzongjian', '高级副总监', '1204580052395106306', NULL, 1, '2020-12-07 17:28:09', NULL, NULL, NULL),('1204581180780437505', 'fuzongjian', '副总监', '1204580052395106306', NULL, 1, '2020-12-07 17:28:09', NULL, NULL, NULL),('1204581180927238146', 'gaojijingli', '高级经理', '1204580052541906945', NULL, 1, '2020-12-07 17:28:09', NULL, NULL, NULL),('1204581181082427394', 'jingli', '经理', '1204580052541906945', NULL, 1, '2020-12-07 17:28:09', NULL, NULL, NULL),('1204581181229228034', 'gaojifujingli', '高级副经理', '1204580052541906945', NULL, 1, '2020-12-07 17:28:09', NULL, NULL, NULL),('1204581181359251457', 'fujingli', '副经理', '1204580052541906945', NULL, 1, '2020-12-07 17:28:09', NULL, NULL, NULL),('1204581181518635010', 'gaojizhuguan', '高级主管', '1204580052676124673', NULL, 1, '2020-12-07 17:28:09', NULL, NULL, NULL),('1204581181673824258', 'zhuguan', '主管', '1204580052676124673', NULL, 1, '2020-12-07 17:28:09', NULL, NULL, NULL),('1204581181812236290', 'gaojifuzhuguan', '高级副主管', '1204580052676124673', NULL, 1, '2020-12-07 17:28:09', NULL, NULL, NULL),('1204581181946454017', 'fuzhuguan', '副主管', '1204580052676124673', NULL, 1, '2020-12-07 17:28:09', NULL, NULL, NULL),('1204581182101643266', 'gaojizhuren', '高级主任', '1204580052806148097', NULL, 1, '2020-12-07 17:28:09', NULL, NULL, NULL),('1204581182248443906', 'zhuren', '主任', '1204580052806148097', NULL, 1, '2020-12-07 17:28:09', NULL, NULL, NULL),('1204581182487519233', 'gaojifuzhuren', '高级副主任', '1204580052806148097', NULL, 1, '2020-12-07 17:28:09', NULL, NULL, NULL),('1204581182609154049', 'fuzhuren', '副主任', '1204580052806148097', NULL, 1, '2020-12-07 17:28:09', NULL, NULL, NULL),('1204581182760148994', 'gaojigongchengshi', '高级工程师', '1204580052957143042', NULL, 1, '2020-12-07 17:28:09', NULL, NULL, NULL),('1204581182890172418', 'gongchengshi', '工程师', '1204580052957143042', NULL, 1, '2020-12-07 17:28:09', NULL, NULL, NULL),('1204581183036973058', 'gaojifugongchengshi', '高级副工程师', '1204580052957143042', NULL, 1, '2020-12-07 17:28:09', NULL, NULL, NULL),('1204581183192162305', 'fugongchengshi', '副工程师', '1204580052957143042', NULL, 1, '2020-12-07 17:28:09', NULL, NULL, NULL),('1204581183347351553', 'gaojiguwen', '高级顾问', '1204580053108137986', NULL, 1, '2020-12-07 17:28:09', NULL, NULL, NULL),('1204581183494152194', 'guwen', '顾问', '1204580053108137986', NULL, 1, '2020-12-07 17:28:09', NULL, NULL, NULL),('1204581183628369922', 'gaojifuguwen', '高级副顾问', '1204580053108137986', NULL, 1, '2020-12-07 17:28:09', NULL, NULL, NULL),('1204581183758393346', 'fuguwen', '副顾问', '1204580053108137986', NULL, 1, '2020-12-07 17:28:09', NULL, NULL, NULL),('1204581183905193985', 'gaojizhuli', '高级助理', '1204580053242355714', NULL, 1, '2020-12-07 17:28:09', NULL, NULL, NULL),('1204581184039411714', 'zhuli', '助理', '1204580053242355714', NULL, 1, '2020-12-07 17:28:09', NULL, NULL, NULL),('1204581184186212354', 'gaojifuzhuli', '高级副助理', '1204580053242355714', NULL, 1, '2020-12-07 17:28:09', NULL, NULL, NULL),('1204581184341401602', 'fuzhuli', '副助理', '1204580053242355714', NULL, 1, '2020-12-07 17:28:09', NULL, NULL, NULL);
-- 职级菜单
INSERT INTO `component_func`(`id`, `code`, `name`, `func_group_id`, `icon`, `is_disabled`, `disabled_reason`, `url`, `permissions`, `type_dict_id`, `remark`, `seq`, `level`, `parent_id`, `parent_id1`, `parent_id2`, `parent_id3`, `parent_id4`, `parent_id5`, `parent_id6`, `parent_id7`, `parent_id8`, `parent_id9`, `parent_id10`, `version`, `create_at`, `create_by`, `update_at`, `update_by`) VALUES ('1376402965868474369', 'job_level_manage', '职级管理', '1', 'el-icon-document-copy', 0, NULL, '/JobLevelSearchList', NULL, '22', NULL, 10, 2, '1374266494625710082', '1374266494625710082', NULL, NULL, NULL, NULL, NULL, NULL, NULL, NULL, NULL, 1, '2021-03-29 13:16:54', '1', NULL, NULL);
